tiedot-href,nimeke,ISSN,ulkoasu,kustantaja,julkaisupaikka,alkupvm,loppupvm,kieli,sosialistinen
http://digi.kansalliskirjasto.fi/sanomalehti/titles/1458-0519/data,Arbetaren,1458-0519,A5,V. J. von  Wright,Helsingfors,1886-01-01,1889-12-28,sv,sosialistinen
http://digi.kansalliskirjasto.fi/sanomalehti/titles/1458-0527/data,Arbetaren,1458-0527,A3,Tidnings Ab Arbetaren,Helsingfors,1900-08-01,1907-11-01,sv,sosialistinen
http://digi.kansalliskirjasto.fi/sanomalehti/titles/1458-0616/data,Eteenpäin,1458-0616,A3,Johan Fredrik Holmström,Uusikaupunki,1890-03-01,1890-12-27,fi,
http://digi.kansalliskirjasto.fi/sanomalehti/titles/fk14940/data,Eteenpäin,fk14940,A2,Kyminlaakson työväen sanomalehti - ja kirjapaino-osuuskunta,Kotka,1905-07-25,1918-05-02,fi,sosialistinen
http://digi.kansalliskirjasto.fi/sanomalehti/titles/fk10061/data,Forssan Sanomat,fk10061,A2,Lounais-Hämeen Sanomalehti Oy,Forssa,1904-11-29,1907-02-08,fi,sosialistinen
http://digi.kansalliskirjasto.fi/sanomalehti/titles/fk10105/data,Hämeen Voima,fk10105,A2,Osuuskunta Hämeen Voima il,Hämeenlinna,1906-02-17,1918-04-25,fi,sosialistinen
http://digi.kansalliskirjasto.fi/sanomalehti/titles/fk10180/data,Kansan Ääni,fk10180,A2,Osuuskunta Saimaa rl,Lappeenranta,1907-11-29,1918-04-25,fi,sosialistinen
http://digi.kansalliskirjasto.fi/sanomalehti/titles/1458-0926/data,Kansan Lehti,1458-0926,A4,Volmar Schildt,Jyväskylä,1867-11-30,1870-12-31,fi,
http://digi.kansalliskirjasto.fi/sanomalehti/titles/1458-0934/data,Kansan Lehti,1458-0934,A3,Otto Edvard Könni,Vaasa,1886-05-20,1887-12-29,fi,
http://digi.kansalliskirjasto.fi/sanomalehti/titles/fk19511/data,Kansan Lehti,fk19511,A2,Tampereen Työväen Sanomalehti Oy,Tampere,1898-12-15,1918-04-03,fi,sosialistinen
http://digi.kansalliskirjasto.fi/sanomalehti/titles/fk10173/data,Kansan Tahto,fk10173,A2,Osuuskunta Kansan Tahto,Oulu,1906-01-19,1914-09-22,fi,sosialistinen
http://digi.kansalliskirjasto.fi/sanomalehti/titles/fk10206/data,Keski-Suomen Sosialisti,fk10206,A2,Osuuskunta Työväki rl,Jyväskylä,1907-06-10,1908-01-21,fi,sosialistinen
http://digi.kansalliskirjasto.fi/sanomalehti/titles/fk10276/data,Länsisuomen Työmies,fk10276,A2,Turun Työväen Sanomalehti Oy,Turku,1898-12-19,1906-04-03,fi,sosialistinen
http://digi.kansalliskirjasto.fi/sanomalehti/titles/fk10397/data,Raivaaja,fk10397,A2,Työväen Kirjateollisuus,Lahti,1908-01-04,1914-01-13,fi,sosialistinen
http://digi.kansalliskirjasto.fi/sanomalehti/titles/fk10401/data,Rajavahti,fk10401,A2,"Karjalan Työväen Sanomalehti-, Kirjapaino- ja Kirjansitomo-osuuskuntat rl",Sortavala,1906-06-02,1914-09-10,fi,sosialistinen
http://digi.kansalliskirjasto.fi/sanomalehti/titles/fk10445/data,Savon Työmies,fk10445,A2,Savon Työväen Sanomalehti- ja Kirjapaino-osuuskunta,Kuopio,1906-02-15,1914-09-17,fi,sosialistinen
http://digi.kansalliskirjasto.fi/sanomalehti/titles/fk25048/data,Sorretun Voima,fk25048,A2,"Keski-Suomen Sanomalehti-, Kirjapaino- ja Kirjakauppa Osuuskunta il",Jyväskylä,1906-03-09,1918-02-04,fi,sosialistinen
http://digi.kansalliskirjasto.fi/sanomalehti/titles/fk10459/data,Sosialidemokraatti,fk10459,A2,Osuuskunta Kehitys,Pori,1906-02-17,1918-04-12,fi,sosialistinen
http://digi.kansalliskirjasto.fi/sanomalehti/titles/fk14794/data,Työ,fk14794,A2,Viipurin Työväen Sanomalehti- ja Kirjapaino-Osuuskunta rl,Viipuri,1904-12-17,1918-04-24,fi,sosialistinen
http://digi.kansalliskirjasto.fi/sanomalehti/titles/fk14799/data,Työläinen,fk14799,A3,Osuuskunta Visa rl,Porvoo,1906-12-07,1916-08-04,fi,sosialistinen
http://digi.kansalliskirjasto.fi/sanomalehti/titles/fk14802/data,Työmies,fk14802,A2,Työväen Sanomalehti Oy,Helsinki,1895-02-14,1918-04-12,fi,sosialistinen
http://digi.kansalliskirjasto.fi/sanomalehti/titles/fk14854/data,Vapaa Sana,fk14854,A2,Oy Kirjapaino Ab,Vaasa,1906-01-19,1918-02-04,fi,sosialistinen
http://digi.kansalliskirjasto.fi/sanomalehti/titles/fk14860/data,Vapaus,fk14860,A2,Oy Vapaus,Mikkeli,1906-11-01,1963-08-31,fi,sosialistinen
http://digi.kansalliskirjasto.fi/sanomalehti/titles/0355-6913/data,Aamulehti,0355-6913,A2,Aamulehti Yhtymä Oy,Tampere,1881-12-03,,fi,
http://digi.kansalliskirjasto.fi/sanomalehti/titles/1457-4799/data,Åbo Allmänna Tidning,1457-4799,A5,Johan Christoffer Frenckell,Åbo,1810-01-02,1819-12-30,sv,
http://digi.kansalliskirjasto.fi/sanomalehti/titles/1457-4829/data,Åbo Morgonblad,1457-4829,A4,A. I. Arwidsson,Åbo,1821-01-05,1821-10-03,sv,
http://digi.kansalliskirjasto.fi/sanomalehti/titles/1457-4764/data,Åbo Nya Tidningar,1457-4764,A5,Johan Christoffer Frenckell,Åbo,1789-01-02,1789-12-24,sv,
http://digi.kansalliskirjasto.fi/sanomalehti/titles/1458-8765/data,Åbo Posten,1458-8765,A3,Åbo Boktryckeri Ab,Åbo,1873-12-13,1883-12-30,sv,
http://digi.kansalliskirjasto.fi/sanomalehti/titles/1457-4780/data,Åbo Tidning,1457-4780,A5,Johan Christoffer Frenckell,Åbo,1800-01-08,1809-12-30,sv,
http://digi.kansalliskirjasto.fi/sanomalehti/titles/1457-4810/data,Åbo Tidning,1457-4810,A2,Åbo Tidnings Tryckeri Ab,Åbo,1882-12-09,1906-12-30,sv,
http://digi.kansalliskirjasto.fi/sanomalehti/titles/1457-4772/data,Åbo Tidningar,1457-4772,A5,Johan Christoffer Frenckell,Åbo,1791-01-03,1799-12-30,sv,
http://digi.kansalliskirjasto.fi/sanomalehti/titles/1457-4802/data,Åbo Tidningar,1457-4802,A3,J. F. Granlund,Åbo,1820-01-05,1861-01-15,sv,
http://digi.kansalliskirjasto.fi/sanomalehti/titles/0785-398X/data,Åbo Underrättelser,0785-398X,A3,Förlags Ab Sydvästkusten,Åbo,1824-01-03,,sv,
http://digi.kansalliskirjasto.fi/sanomalehti/titles/1458-0691/data,Aftonbladet,1458-0691,A2,Victor Pettersson,Helsingfors,1892-12-05,1893-06-20,sv,
http://digi.kansalliskirjasto.fi/sanomalehti/titles/1458-0713/data,Aftonposten,1458-0713,A3/A2,Victor Pettersson,Helsingfors,1895-03-30,1900-10-03,sv,
http://digi.kansalliskirjasto.fi/sanomalehti/titles/1458-0500/data,Ahti,1458-0500,A3,"Johannes Lampinen, Wilhelm Pasi",Kristiina,1878-03-09,1881-04-16,fi,
http://digi.kansalliskirjasto.fi/sanomalehti/titles/1458-8773/data,Åland,1458-8773,A4,Frans Petter von Knorring,Mariehamn,1868-01-07,1868-02-03,sv,
http://digi.kansalliskirjasto.fi/sanomalehti/titles/0355-9149/data,Åland,0355-9149,A3,Ålands Tidnings-Tryckeri,Mariehamn,1891-03-18,,sv,
http://digi.kansalliskirjasto.fi/sanomalehti/titles/fk19536/data,Ålands Sjöfartstidning,fk19536,A2,J. E. Ahlqvist,Mariehamn,1903-01-24,1905-11-11,sv,
http://digi.kansalliskirjasto.fi/sanomalehti/titles/1457-425X/data,Annons-Blad,1457-425X,A5,Fredrik Ahlqvist,Kuopio,1858-02-06,1859-03-05,sv,
http://digi.kansalliskirjasto.fi/sanomalehti/titles/fk10017/data,Arbetet,fk10017,A3,Åbo Svenska Arbetarföreningen,Åbo,1908-11-06,1918-04-11,sv,
http://digi.kansalliskirjasto.fi/sanomalehti/titles/1458-0535/data,Aura,1458-0535,A2-A3,Auran Uusi Yhtiö,Turku,1880-12-03,1896-12-31,fi,
http://digi.kansalliskirjasto.fi/sanomalehti/titles/1458-0551/data,Barometern,1458-0551,A4,Ernst Linder,Helsingfors,1861-09-06,1861-12-27,sv,
http://digi.kansalliskirjasto.fi/sanomalehti/titles/1457-4284/data,Björneborg,1457-4284,A4,Mauritz Thiesen,Björneborg,1865-07-01,1873-01-04,sv,
http://digi.kansalliskirjasto.fi/sanomalehti/titles/1457-4276/data,Björneborgs Tidning,1457-4276,A4,Mauritz Thiesen,Björneborg,1860-07-06,1865-06-23,sv,
http://digi.kansalliskirjasto.fi/sanomalehti/titles/1457-4292/data,Björneborgs Tidning,1457-4292,A3,Björneborgs Tidnings- och Tryckeri Ab,Björneborg,1872-12-21,1965-12-30,sv,
http://digi.kansalliskirjasto.fi/sanomalehti/titles/fk10023/data,Borgå Nya Tidning,fk10023,A3,Tryckeri- och Tidnings  Ab i  Borgå,Borgå,1892-12-17,1901-08-30,sv,
http://digi.kansalliskirjasto.fi/sanomalehti/titles/1457-4306/data,Borgå Tidning,1457-4306,A4,Petter Widerholm,Borgå,1837-12-02,1858-06-30,sv,
http://digi.kansalliskirjasto.fi/sanomalehti/titles/0358-6294/data,Borgåbladet,0358-6294,A3,Östra Nylands Tidningar Ab,Borgå,1860-12-15,,sv,
http://digi.kansalliskirjasto.fi/sanomalehti/titles/1458-056X/data,Dagbladet,1458-056X,A2,Anders Herman Chydenius,Helsingfors,1888-01-02,1888-03-31,sv,
http://digi.kansalliskirjasto.fi/sanomalehti/titles/1458-0578/data,Dagens Nyheter,1458-0578,A3,Andreas August Lindfors,Helsingfors,1877-01-02,1878-12-31,sv,
http://digi.kansalliskirjasto.fi/sanomalehti/titles/fk10029/data,Dagligt Allehanda,fk10029,A2,Jac.  Ahrenberg,Helsingfors,1900-11-20,1901-09-01,sv,
http://digi.kansalliskirjasto.fi/sanomalehti/titles/1458-0594/data,Ekenäs Notisblad,1458-0594,A4,Ekenäs Tryckeri,Ekenäs,1883-01-03,1888-12-28,sv,
http://digi.kansalliskirjasto.fi/sanomalehti/titles/fk10034/data,Ekenäs Tidning,fk10034,A4,Konstantin Elgh,Ekenäs,1892-12-14,1893-12-30,sv,
http://digi.kansalliskirjasto.fi/sanomalehti/titles/fk10035/data,Elämä,fk10035,A2,Elämä Osuuskunta,Helsinki,1905-12-16,1907-06-12,fi,
http://digi.kansalliskirjasto.fi/sanomalehti/titles/fk10041/data,Etelä-Pohjanmaa,fk10041,A2,Mimmi Niemi,Kristiina,1906-05-11,1912-07-31,fi,
http://digi.kansalliskirjasto.fi/sanomalehti/titles/0356-1690/data,Etelä-Suomi,0356-1690,A2,Sanomalehti Oy Kotka,Kotka,1902-12-08,1988-12-31,fi,
http://digi.kansalliskirjasto.fi/sanomalehti/titles/1458-0624/data,Figaro,1458-0624,A2,Guido Grönvall,Helsingfors,1886-01-23,1886-05-01,sv,
http://digi.kansalliskirjasto.fi/sanomalehti/titles/1458-0632/data,Finland,1458-0632,A2,Weilin & Göös,Helsingfors,1884-12-06,1892-12-31,sv,
http://digi.kansalliskirjasto.fi/sanomalehti/titles/1457-4314/data,Finlands Allmänna Tidning,1457-4314,A4,tuntematon,Helsingfors,1820-01-03,1931-12-31,sv,
http://digi.kansalliskirjasto.fi/sanomalehti/titles/fk10052/data,Finljandskaja Gazeta,fk10052,null,Kenraalikuvernöörin kanslia,Helsinki,1917-03-18,1917-03-18,ru,
http://digi.kansalliskirjasto.fi/sanomalehti/titles/1458-0675/data,Finska Veckobladet,1458-0675,A3,Anna Kristina Charlotta Edelheim,Helsingfors,1887-12-10,1888-12-28,sv,
http://digi.kansalliskirjasto.fi/sanomalehti/titles/fk10055/data,Folket,fk10055,A2,Reinhold Roine,Helsingfors,1901-11-30,1905-03-16,sv,
http://digi.kansalliskirjasto.fi/sanomalehti/titles/fk10056/data,Folket,fk10056,A2,Reinhold Roine,Jakobstad,1902-05-24,1905-10-28,sv,
http://digi.kansalliskirjasto.fi/sanomalehti/titles/fk10060/data,Folkvännen,fk10060,A4,Axel Wilhelm Sohlström,Björneborg,1906-01-08,1906-10-15,sv,
http://digi.kansalliskirjasto.fi/sanomalehti/titles/1458-0683/data,Folkwännen,1458-0683,A3,Carl P. Solitander,Helsingfors,1861-01-02,1893-02-20,sv,
http://digi.kansalliskirjasto.fi/sanomalehti/titles/1458-0721/data,Fredrikshamns Tidning,1458-0721,A3,Tryckeri och Tidnings Ab i Fredrikshamn,Fredrikshamn,1884-09-03,1910-12-31,sv,
http://digi.kansalliskirjasto.fi/sanomalehti/titles/fk10063/data,Fritt Folk,fk10063,A2,Tidnings Ab Fritt Folk,Helsingfors,1906-12-15,1907-02-28,sv,
http://digi.kansalliskirjasto.fi/sanomalehti/titles/fk10064/data,Gamlakarleby,fk10064,A2,Tidningsandelslaget Gamlakarleby ut,Gamlakarleby,1909-12-24,1911-10-12,sv,
http://digi.kansalliskirjasto.fi/sanomalehti/titles/fk10065/data,Gamlakarleby Tidning,fk10065,A2,F. A. Hellström,Gamlakarleby,1894-01-16,1895-05-03,sv,
http://digi.kansalliskirjasto.fi/sanomalehti/titles/1457-4403/data,Hämäläinen,1457-4403,A3-A2,Oy Hämäläinen,Hämeenlinna,1858-09-03,1901-03-09,fi,
http://digi.kansalliskirjasto.fi/sanomalehti/titles/0356-2751/data,Hämeen Sanomat,0356-2751,A2,Hämeen Sanomat Oy,Hämeenlinna,1878-12-04,,fi,
http://digi.kansalliskirjasto.fi/sanomalehti/titles/fk10103/data,Hämeenkyrön Lehti,fk10103,A3,Frans Enok Nyman (Ania),Hämeenkyrö,1895-03-29,1895-11-29,fi,
http://digi.kansalliskirjasto.fi/sanomalehti/titles/fk10108/data,Hämetär,fk10108,A2,Hämettären Sanomalehti Oy,Hämeenlinna,1902-08-28,1919-07-01,fi,
http://digi.kansalliskirjasto.fi/sanomalehti/titles/fk10068/data,Haminan Lehti,fk10068,A2,Aimo Ervasti,Hamina,1907-12-10,1957-12-29,fi,
http://digi.kansalliskirjasto.fi/sanomalehti/titles/1458-073X/data,Haminan Sanomat,1458-073X,A3,Haminan Sanomat Oy,Hamina,1889-11-29,1899-07-20,fi,
http://digi.kansalliskirjasto.fi/sanomalehti/titles/1458-0756/data,Haminan Sanomat,1458-0756,A2,Uusi kansan kirjapaino,Hamina,1907-07-02,1915-12-30,fi,
http://digi.kansalliskirjasto.fi/sanomalehti/titles/1458-0764/data,Hangö,1458-0764,A2,Hangö Bladets Tryckeri Ab,Hangö,1890-03-11,1940-03-12,sv,
http://digi.kansalliskirjasto.fi/sanomalehti/titles/fk10073/data,Hangö-Bladet,fk10073,A2,Hangö-Bladets Tryckeri Ab,Hangö,1908-12-01,1914-11-17,sv,
http://digi.kansalliskirjasto.fi/sanomalehti/titles/fk10080/data,Heinolan Sanomat,fk10080,A2,Oy Heinolan Sanomat,Heinola,1905-11-23,1912-12-28,fi,
http://digi.kansalliskirjasto.fi/sanomalehti/titles/1458-0586/data,Helsingfors,1458-0586,A3,Tryckeri och Tidnings Ab i Helsingfors,Helsingfors,1879-01-02,1883-04-30,sv,
http://digi.kansalliskirjasto.fi/sanomalehti/titles/1458-0705/data,Helsingfors Aftonblad,1458-0705,A2,V. Pettersson & Co Tryckeri  Ab,Helsingfors,1893-06-07,1895-03-29,sv,
http://digi.kansalliskirjasto.fi/sanomalehti/titles/1457-4330/data,Helsingfors Annonsblad,1457-4330,A5,Gottlieb John,Helsingfors,1843-01-02,1843-12-30,sv,
http://digi.kansalliskirjasto.fi/sanomalehti/titles/1457-4349/data,Helsingfors Annonsblad,1457-4349,A4,Henrik Christian Friis,Helsingfors,1853-12-16,1855-04-24,sv,
http://digi.kansalliskirjasto.fi/sanomalehti/titles/1457-4357/data,Helsingfors Annonsblad,1457-4357,A3,Andreas August Lindfors,Helsingfors,1876-06-29,1876-12-30,sv,
http://digi.kansalliskirjasto.fi/sanomalehti/titles/1458-0799/data,Helsingfors Börsförenings Tidning,1458-0799,A3,Johan Wilhelm Boxberg,Helsingfors,1866-12-24,1867-04-03,sv,
http://digi.kansalliskirjasto.fi/sanomalehti/titles/1458-0802/data,Helsingfors Dagblad,1458-0802,A2,Ab Helsingfors Dagblad,Helsingfors,1861-11-16,1889-03-31,sv,
http://digi.kansalliskirjasto.fi/sanomalehti/titles/1457-4365/data,Helsingfors Morgonblad,1457-4365,A4,J. C. Frenckell,Helsingfors,1832-01-01,1844-12-30,sv,
http://digi.kansalliskirjasto.fi/sanomalehti/titles/1458-0810/data,Helsingfors Posten,1458-0810,A3,Theodor Neovius,Helsingfors,1864-09-03,1865-05-19,sv,
http://digi.kansalliskirjasto.fi/sanomalehti/titles/fk10092/data,Helsingfors Tidning,fk10092,A2,Frans Johan Valbäck,Helsingfors,1909-12-18,1910-09-24,sv,
http://digi.kansalliskirjasto.fi/sanomalehti/titles/1457-439X/data,Helsingfors Tidningar,1457-439X,A3,Otto Donner,Helsingfors,1829-01-03,1866-11-30,sv,
http://digi.kansalliskirjasto.fi/sanomalehti/titles/fk10091/data,Helsingfors-Posten,fk10091,A2,Jac. Ahrenberg,Helsingfors,1902-06-25,1905-12-31,sv,
http://digi.kansalliskirjasto.fi/sanomalehti/titles/0355-2047/data,Helsingin Sanomat,0355-2047,A2,Sanoma Oy,Helsinki,1904-07-07,,fi,
http://digi.kansalliskirjasto.fi/sanomalehti/titles/1458-0829/data,Helsingin Uutiset,1458-0829,A3,Georg Zachris Forsman,Helsinki,1862-11-20,1863-12-31,fi,
http://digi.kansalliskirjasto.fi/sanomalehti/titles/fk10097/data,Helsingin Uutiset,fk10097,A3,H. R. Pohjola ja  B. M. Kolström,Helsinki,1908-09-14,1910-03-12,fi,
http://digi.kansalliskirjasto.fi/sanomalehti/titles/1458-0837/data,Helsingin Wiikko-Sanomia,1458-0837,A3,"David Halonen, Evald Jahnsson, Petter Jurva",Helsinki,1881-12-02,1884-12-27,fi,
http://digi.kansalliskirjasto.fi/sanomalehti/titles/0437-2999/data,Herättäjä,0437-2999,A2,Kirkollinen Kustannus Oy,Turku,1909-12-15,1985-12-19,fi,
http://digi.kansalliskirjasto.fi/sanomalehti/titles/1458-0853/data,Hermes,1458-0853,A4,Ludvig Dannholm,Helsingfors,1885-09-09,1886-03-24,sv,
http://digi.kansalliskirjasto.fi/sanomalehti/titles/0356-0724/data,Hufvudstadsbladet,0356-0724,A3,Hufvudstadsbladet Ab,Helsingfors,1864-12-05,,sv,
http://digi.kansalliskirjasto.fi/sanomalehti/titles/0356-1283/data,Ilkka,0356-1283,A2,Sanomalehti Ilkka Oy,Seinäjoki,1906-04-20,,fi,
http://digi.kansalliskirjasto.fi/sanomalehti/titles/1457-4411/data,Ilmarinen,1457-4411,A4,August Alexander Levón,Vasa,1847-12-11,1855-12-31,sv,
http://digi.kansalliskirjasto.fi/sanomalehti/titles/1458-087X/data,Ilmarinen,1458-087X,A4,A. G. Corander,Viipuri,1866-12-12,1872-01-19,sv,
http://digi.kansalliskirjasto.fi/sanomalehti/titles/1458-0888/data,Ilmarinen,1458-0888,A3,N. A. Zilliacus,Viipuri,1874-12-01,1888-01-31,sv,
http://digi.kansalliskirjasto.fi/sanomalehti/titles/1457-4268/data,Ilmoitus-Lehti,1457-4268,A5,Fredrik Ahlqvist,Kuopio,1859-03-12,1860-12-29,fi,
http://digi.kansalliskirjasto.fi/sanomalehti/titles/fk10119/data,Isänmaan Ystävä,fk10119,A2,Emil Muren,Helsinki,1897-01-02,1900-12-21,fi,
http://digi.kansalliskirjasto.fi/sanomalehti/titles/fk10120/data,Itä-Häme,fk10120,A3,Itä-Hämeen Sanomalehti Oy,Heinola,1904-08-04,1906-08-18,fi,
http://digi.kansalliskirjasto.fi/sanomalehti/titles/fk10121/data,Itä-Hämeen Raivaaja,fk10121,A2,Itä-Hämeen Sanomalehti Oy,Heinola,1905-12-11,1907-12-31,fi,
http://digi.kansalliskirjasto.fi/sanomalehti/titles/fk10123/data,Itä-Karjala,fk10123,A2,Kaakkois-Karjalan Kirjapaino Oy,Käkisalmi,1896-12-21,1906-12-28,fi,
http://digi.kansalliskirjasto.fi/sanomalehti/titles/fk10128/data,Itä-Suomen Sanomat,fk10128,A2,Kansalliskirjapaino Oy,Lappeenranta,1894-10-10,1914-11-24,fi,
http://digi.kansalliskirjasto.fi/sanomalehti/titles/fk10129/data,Itä-Suomen Työmies,fk10129,A3,Kotkan Työväen Sanomalehti Oy,Kotka,1899-06-09,1900-11-07,fi,
http://digi.kansalliskirjasto.fi/sanomalehti/titles/fk10133/data,Jaakkiman Sanomat,fk10133,A2,Juho Kröger,Jaakkima,1905-12-20,1914-09-09,fi,
http://digi.kansalliskirjasto.fi/sanomalehti/titles/fk10136/data,Jakobstad,fk10136,A2,Jakobstads Tryckeri- och Tidnings Ab,Jakobstad,1905-11-11,1915-09-18,sv,
http://digi.kansalliskirjasto.fi/sanomalehti/titles/fk10137/data,Jakobstads Tidning,fk10137,A2,Jakobstads Tryckeri- och Tidnings Ab,Jakobstad,1898-12-03,1901-08-31,sv,
http://digi.kansalliskirjasto.fi/sanomalehti/titles/fk10139/data,Juna,fk10139,A2,Suomen Rautatieläisten Sanomalehti- ja Kirjapaino-osuuskunta rl,Helsinki,1906-12-21,1918-01-31,fi,
http://digi.kansalliskirjasto.fi/sanomalehti/titles/1458-0896/data,Jyränkö,1458-0896,A3,Heinolan Sanomalehti Oy,Heinola,1890-01-04,1901-12-31,fi,
http://digi.kansalliskirjasto.fi/sanomalehti/titles/1458-090X/data,Kaiku,1458-090X,A2,K. F. Kivekäs,Oulu,1877-11-17,1949-10-15,fi,
http://digi.kansalliskirjasto.fi/sanomalehti/titles/fk10149/data,Kaikuja Kajaanista,fk10149,A3,Kustannus Oy Kainuu,Kajaani,1905-08-31,1916-12-09,fi,
http://digi.kansalliskirjasto.fi/sanomalehti/titles/fk10157/data,Kajaanin Lehti,fk10157,A2,Kajaanin Sanomalehti- ja Kirjapaino Oy,Kajaani,1899-02-15,1920-12-31,fi,
http://digi.kansalliskirjasto.fi/sanomalehti/titles/fk10247/data,Käkisalmen Sanomat,fk10247,A2,Kaakkois-Karjalan Kirjapaino Oy,Lappeenranta,1906-11-19,1944-06-22,fi,
http://digi.kansalliskirjasto.fi/sanomalehti/titles/fk10248/data,Käkisalmen Suomalainen,fk10248,A3,Vihtori Tiera,Käkisalmi,1907-12-20,1916-12-19,fi,
http://digi.kansalliskirjasto.fi/sanomalehti/titles/0356-1356/data,Kaleva,0356-1356,A2,Kaleva Kustannus Oy,Oulu,1899-04-14,,fi,
http://digi.kansalliskirjasto.fi/sanomalehti/titles/1457-4446/data,Kanawa,1457-4446,A4,Johanna Cedervaller & Son,Viipuri,1845-01-04,1847-12-29,fi,
http://digi.kansalliskirjasto.fi/sanomalehti/titles/1458-0918/data,Kansakunnan Lehti,1458-0918,A3,David Emanuel Daniel Europaeus,Helsinki,1863-10-15,1864-03-12,fi,
http://digi.kansalliskirjasto.fi/sanomalehti/titles/fk10165/data,Kansalainen,fk10165,A2,Otto Andersin,Pori,1896-11-13,1912-12-30,fi,
http://digi.kansalliskirjasto.fi/sanomalehti/titles/1458-0942/data,Kansan Ystävä,1458-0942,A3,G. W. Edlund,Helsinki,1881-11-16,1882-12-30,fi,
http://digi.kansalliskirjasto.fi/sanomalehti/titles/0782-7024/data,Karjala,0782-7024,A2,Karjalan Kirjapaino Oy,Helsinki,1940-03-21,,fi,
http://digi.kansalliskirjasto.fi/sanomalehti/titles/1458-0969/data,Karjalan Sanomat,1458-0969,A2,Pohjois-Karjalan Kirjapaino Oy,Joensuu,1906-12-10,1918-12-31,fi,
http://digi.kansalliskirjasto.fi/sanomalehti/titles/1458-0950/data,Karjalatar,1458-0950,A2,Joensuun Kirjapaino Oy,Joensuu,1874-10-02,1917-12-29,fi,
http://digi.kansalliskirjasto.fi/sanomalehti/titles/fk10197/data,Kaskisten Lehti,fk10197,A2,Vihtori Niemi,Kristiina,1903-12-01,1906-05-08,fi,
http://digi.kansalliskirjasto.fi/sanomalehti/titles/0451-5560/data,Kauppalehti,0451-5560,A3,Kustannusosakeyhtiö Kauppalehti,Helsinki,1898-12-02,,fi,
http://digi.kansalliskirjasto.fi/sanomalehti/titles/1458-6630/data,Keski-Savo,1458-6630,A2,Etelä-Savon Kirjapaino Oy,Savonlinna,1903-12-12,1919-10-30,fi,
http://digi.kansalliskirjasto.fi/sanomalehti/titles/1457-4640/data,Keski-Suomi,1457-4640,A2,Sanomalehti Oy Keski-Suomi,Jyväskylä,1871-01-07,1917-12-29,fi,
http://digi.kansalliskirjasto.fi/sanomalehti/titles/1458-0985/data,Koi,1458-0985,A3,August Favén ja Matti Viljanen,Tampere,1879-11-14,1881-05-13,fi,
http://digi.kansalliskirjasto.fi/sanomalehti/titles/1458-0748/data,Koitar,1458-0748,A2,Uusi Kansan Kirjapaino Oy,Hamina,1899-10-30,1907-06-29,fi,
http://digi.kansalliskirjasto.fi/sanomalehti/titles/fk10216/data,Kokkola,fk10216,A2,Sanomalehti Oy Kokkola,Kokkola,1897-11-17,1934-11-29,fi,
http://digi.kansalliskirjasto.fi/sanomalehti/titles/1458-0993/data,Kokkolan Lehti,1458-0993,A3,N. F. Spolander,Kokkola,1884-12-10,1887-12-26,fi,
http://digi.kansalliskirjasto.fi/sanomalehti/titles/0356-1135/data,Kotimaa,0356-1135,A3,Kustannus Oy Kotimaa,Helsinki,1905-12-30,,fi,
http://digi.kansalliskirjasto.fi/sanomalehti/titles/1458-1825/data,Kotka,1458-1825,A3,Johan Nylenius,Kotka,1882-05-06,1898-12-28,sv,
http://digi.kansalliskirjasto.fi/sanomalehti/titles/fk14981/data,Kotka Nyheter,fk14981,A2,Östra Nylands Tidnings- & Tryckeri Ab,Kotka,1897-05-25,1971-03-25,sv,
http://digi.kansalliskirjasto.fi/sanomalehti/titles/1458-2252/data,Kotkan Sanomat,1458-2252,A3,Johan Nylenius,Kotka,1882-12-20,1903-12-17,fi,
http://digi.kansalliskirjasto.fi/sanomalehti/titles/fk10225/data,Kotkan Uutiset,fk10225,A2,Kotka Tryckeri Ab,Kotka,1897-05-26,1906-07-29,fi,
http://digi.kansalliskirjasto.fi/sanomalehti/titles/0357-9298/data,Kouvolan Sanomat,0357-9298,A2,Kymen Viestintä Oy,Kouvola,1909-11-26,,fi,
http://digi.kansalliskirjasto.fi/sanomalehti/titles/fk10226/data,Kristinestads Tidning,fk10226,A2,Tryckeri- och Tidnings Ab,Kristinestad,1897-08-11,1900-12-22,sv,
http://digi.kansalliskirjasto.fi/sanomalehti/titles/fk10227/data,Kunnalliset Sanomat,fk10227,A3,Frans Enok Nyman (Ania),Hämeenkyrö,1895-12-13,1897-01-14,fi,
http://digi.kansalliskirjasto.fi/sanomalehti/titles/1457-4454/data,Kuopio Tidning,1457-4454,A4-A3,"A. E. Rongain, C. J. Moberg",Kuopio,1851-08-07,1856-11-24,sv,
http://digi.kansalliskirjasto.fi/sanomalehti/titles/1457-4497/data,Kuopion Hippakunnan Sanomia,1457-4497,A4,P. A. Aschan,Kuopio,1859-05-21,1860-12-29,fi,
http://digi.kansalliskirjasto.fi/sanomalehti/titles/1457-4462/data,Kuopion Sanomat,1457-4462,A3,"A. E. Rongain, C. J. Marelius",Kuopio,1856-12-06,1857-11-28,fi,
http://digi.kansalliskirjasto.fi/sanomalehti/titles/1457-4470/data,Kuopion Sanomat,1457-4470,A3,A.F. Andersin,Kuopio,1880-12-09,1882-12-28,fi,
http://digi.kansalliskirjasto.fi/sanomalehti/titles/fk10235/data,Kuopion Uutiset,fk10235,A2,K. F. Malmström,Kuopio,1901-09-11,1903-12-30,fi,
http://digi.kansalliskirjasto.fi/sanomalehti/titles/fk10242/data,Kymi,fk10242,A3,Otto  Järveläinen,Kotka,1893-01-04,1893-03-29,fi,
http://digi.kansalliskirjasto.fi/sanomalehti/titles/fk10243/data,Kyminlaakso,fk10243,A2,Mikael Palmroth-Vasunta,Kotka,1906-06-30,1916-07-25,fi,
http://digi.kansalliskirjasto.fi/sanomalehti/titles/1458-2279/data,Laatokka,1458-2279,A2,Kustannus Oy Laatokka,Sortavala,1881-11-17,1914-09-19,fi,
http://digi.kansalliskirjasto.fi/sanomalehti/titles/fk10253/data,Lahden Lehti,fk10253,A2,Oy Lahden Lehti,Lahti,1900-03-28,1909-05-28,fi,
http://digi.kansalliskirjasto.fi/sanomalehti/titles/fk10254/data,Lahden Sanomat,fk10254,A2,Oskar Robert Marjanen,Lahti,1909-11-03,1913-12-30,fi,
http://digi.kansalliskirjasto.fi/sanomalehti/titles/fk10257/data,Lahti,fk10257,A2,Lahden Kirjapaino- ja Sanomalehti Oy,Lahti,1905-12-21,1963-12-31,fi,
http://digi.kansalliskirjasto.fi/sanomalehti/titles/1458-2309/data,Land och Stad,1458-2309,A3,Tidnings och Tryckeri  Ab i Helsingfors,Helsingfors,1889-10-01,1892-03-30,sv,
http://digi.kansalliskirjasto.fi/sanomalehti/titles/1458-235X/data,Lännetär,1458-235X,A4,Mauritz Thiesen,Pori,1863-05-01,1864-01-13,fi,
http://digi.kansalliskirjasto.fi/sanomalehti/titles/1458-2368/data,Länsi-Suomi,1458-2368,A3,Th. Tigerstedt,Pori,1877-02-17,1879-12-31,fi,
http://digi.kansalliskirjasto.fi/sanomalehti/titles/0782-6419/data,Länsi-Suomi,0782-6419,A2,Oy Länsi Suomi,Rauma,1905-12-22,,fi,
http://digi.kansalliskirjasto.fi/sanomalehti/titles/1458-2317/data,Lappeenrannan Uutiset,1458-2317,A3,K. F. Wirtamo ja Juho Markkula,Lappeenranta,1885-06-20,1898-12-31,fi,
http://digi.kansalliskirjasto.fi/sanomalehti/titles/fk10262/data,Lappeenranta,fk10262,A2,Oy Lapvesi,Lappeenranta,1906-12-01,1917-11-01,fi,
http://digi.kansalliskirjasto.fi/sanomalehti/titles/0782-6230/data,Liitto,0782-6230,A2,Oy Liitto,Oulu,1906-11-20,1993-12-30,fi,
http://digi.kansalliskirjasto.fi/sanomalehti/titles/1458-2333/data,Louhi,1458-2333,A2,B.B. Bergdahl,Oulu,1890-12-15,1906-12-29,fi,
http://digi.kansalliskirjasto.fi/sanomalehti/titles/fk10270/data,Lounais-Häme,fk10270,A2,Lounais-Hämeen Sanomalehti Oy,Forssa,1907-08-23,1909-05-05,fi,
http://digi.kansalliskirjasto.fi/sanomalehti/titles/1458-2341/data,Lounas,1458-2341,A2,Matti Kauppinen,Pori,1886-12-11,1892-04-26,fo,
http://digi.kansalliskirjasto.fi/sanomalehti/titles/fk10278/data,Maakansa,fk10278,A2,Karjalan Maakunta Oy,Viipuri,1908-12-04,1940-03-31,fo,
http://digi.kansalliskirjasto.fi/sanomalehti/titles/1457-4500/data,Maamiehen Ystävä,1457-4500,A5,Johan Anton Karsten,Kuopio,1844-01-05,1855-12-29,fi,
http://digi.kansalliskirjasto.fi/sanomalehti/titles/1458-2384/data,Maamme,1458-2384,A2,Johannes Walve,Tampere,1889-12-07,1890-12-02,fi,
http://digi.kansalliskirjasto.fi/sanomalehti/titles/1458-2392/data,Maamme Viikkosanoma,1458-2392,A2,Johan Gustaf Fonsell,Tampere,1890-12-24,1891-02-28,fi,
http://digi.kansalliskirjasto.fi/sanomalehti/titles/fk10301/data,Måndagen,fk10301,A2,Karl Gustav Blomberg,Helsingfors,1905-03-20,1910-05-23,sv,
http://digi.kansalliskirjasto.fi/sanomalehti/titles/1458-2422/data,Mellersta Österbotten,1458-2422,A3,J. W. Nesslers Tryckeri,Nykarleby,1881-12-15,1882-12-28,sv,
http://digi.kansalliskirjasto.fi/sanomalehti/titles/1458-851X/data,Mikkeli,1458-851X,A2,Otto Bernhard Blomfelt,Mikkeli,1892-11-01,1906-02-28,fi,
http://digi.kansalliskirjasto.fi/sanomalehti/titles/1458-2430/data,Mikkelin Ilmoituslehti,1458-2430,A4,A. E. Landgren,Mikkeli,1861-11-23,1863-02-20,fi,
http://digi.kansalliskirjasto.fi/sanomalehti/titles/1458-2457/data,Mikkelin Sanomat,1458-2457,A3,Emil G. Åkersson,Mikkeli,1885-01-10,1893-06-09,fi,
http://digi.kansalliskirjasto.fi/sanomalehti/titles/1458-2481/data,Mikkelin Sanomat,1458-2481,A2,Oy Mikkelin Sanomat,Mikkeli,1895-12-07,1954-12-19,fi,
http://digi.kansalliskirjasto.fi/sanomalehti/titles/1458-2449/data,Mikkelin Wiikko-Sanomia,1458-2449,A4,Julius Nygren,Mikkeli,1863-02-27,1864-12-29,fi,
http://digi.kansalliskirjasto.fi/sanomalehti/titles/1457-4373/data,Morgonbladet,1457-4373,A4,Frenckell & Son,Helsingfors,1845-01-01,1855-12-31,sv,
http://digi.kansalliskirjasto.fi/sanomalehti/titles/1457-4381/data,Morgonbladet,1457-4381,A2,"A. Hagman, E. A. Forssell",Helsingfors,1871-12-05,1884-12-31,sv,
http://digi.kansalliskirjasto.fi/sanomalehti/titles/1458-249X/data,Norra Posten,1458-249X,A2,Robert Emil Berg,Nykarleby,1883-01-04,1898-02-18,sv,
http://digi.kansalliskirjasto.fi/sanomalehti/titles/fk10306/data,Nuorsosialisti,fk10306,A2,Nuorsosialisti osuuskunta,Helsinki,1908-04-25,1908-05-30,fi,
http://digi.kansalliskirjasto.fi/sanomalehti/titles/1458-2503/data,Nya Pressen,1458-2503,A1-A3,Tidnings och Tryckeri  Ab i Helsingfors,Helsingfors,1882-11-30,1900-07-04,sv,
http://digi.kansalliskirjasto.fi/sanomalehti/titles/fk10311/data,Nya Pressen,fk10311,A2,Ab Nya Pressen,Helsingfors,1906-01-02,1914-03-19,sv,
http://digi.kansalliskirjasto.fi/sanomalehti/titles/1458-2511/data,Nya Tag,1458-2511,A3,Johan Fredrik Holmström,Nystad,1890-03-01,1890-07-12,sv,
http://digi.kansalliskirjasto.fi/sanomalehti/titles/fk10315/data,Nystads Tidning,fk10315,A3,Albert Johansson,Nystad,1895-12-04,1896-12-30,sv,
http://digi.kansalliskirjasto.fi/sanomalehti/titles/fk10317/data,Oikeus,fk10317,A2,Sanomalehti Oy Oikeus,Helsinki,1906-11-17,1906-12-28,fi,
http://digi.kansalliskirjasto.fi/sanomalehti/titles/fk10318/data,Omahinen,fk10318,A3,Konstantin Kononov,Sortavala,1909-11-12,1910-12-27,fi,
http://digi.kansalliskirjasto.fi/sanomalehti/titles/1458-8781/data,Österbotten,1458-8781,A5,Anders Svedberg,Vasa,1864-01-01,1878-12-21,sv,
http://digi.kansalliskirjasto.fi/sanomalehti/titles/fk14913/data,Österbottens Folkblad,fk14913,A2,Tidnings Ab Folkbladet,Vasa,1908-06-06,1918-02-04,sv,
http://digi.kansalliskirjasto.fi/sanomalehti/titles/0356-3553/data,Österbottningen,0356-3553,A3,Ab Österbottningen,Karleby,1898-02-22,,sv,
http://digi.kansalliskirjasto.fi/sanomalehti/titles/1458-8803/data,Österbottniska Posten,1458-8803,A2/A3,J. W. Nesslers Tryckeri,Nykarleby,1883-12-13,1985-12-31,sv,
http://digi.kansalliskirjasto.fi/sanomalehti/titles/1458-6509/data,Östra Finland,1458-6509,A3-A2,Östra Finlands tryckeri,Wiborg,1875-10-01,1899-02-15,sv,
http://digi.kansalliskirjasto.fi/sanomalehti/titles/fk14917/data,Östra Finland,fk14917,A2,G. A. Ekholm,Viborg,1905-12-16,1910-12-27,sv,
http://digi.kansalliskirjasto.fi/sanomalehti/titles/0356-5653/data,Östra Nyland,0356-5653,A3,Östra Nylands Tidnings Ab,Lovisa,1881-04-02,,sv,
http://digi.kansalliskirjasto.fi/sanomalehti/titles/1458-6584/data,Otava,1458-6584,A2,V. A. Marjanen,Kuopio,1904-02-09,1909-12-31,fi,
http://digi.kansalliskirjasto.fi/sanomalehti/titles/1457-4519/data,Otawa,1457-4519,A4,Viipurin Suomalaisen Kirjallisuuden Seura,Viipuri,#VALUE!,1863-12-29,fi,
http://digi.kansalliskirjasto.fi/sanomalehti/titles/1458-2546/data,Oulun Ilmoituslehti,1458-2546,A3,Uleåborgs Tryckeri Ab - Oulun Kirjapaino Oy,Oulu,1886-12-23,1905-12-31,fi,
http://digi.kansalliskirjasto.fi/sanomalehti/titles/1458-2554/data,Oulun Lehti,1458-2554,A3,B.B. Bergdahl,Oulu,1879-11-19,1887-12-31,fi,
http://digi.kansalliskirjasto.fi/sanomalehti/titles/1457-4527/data,Oulun Wiikko-Sanomia,1457-4527,A4,Christian Evert Barck nuorempi,Oulu,1829-01-03,1879-12-27,fi,
http://digi.kansalliskirjasto.fi/sanomalehti/titles/fk10392/data,Pääkaupungin Sanomat,fk10392,A3,H. R. Pohjola ja B. M. Kolström,Helsinki,1910-03-24,1910-05-28,fi,
http://digi.kansalliskirjasto.fi/sanomalehti/titles/1458-2600/data,Päijänne,1458-2600,A3,Karl Gustav Göös,Jyväskylä,1877-12-04,1882-12-27,fi,
http://digi.kansalliskirjasto.fi/sanomalehti/titles/1458-2619/data,Päivälehti,1458-2619,A2,Helsingin Suomalainen Sanomalehti Oy,Helsinki,1889-11-16,1904-07-03,fi,
http://digi.kansalliskirjasto.fi/sanomalehti/titles/1458-2627/data,Päivän Uutiset,1458-2627,A3,Finska Tidnings Ab i Helsingfors,Helsinki,1887-11-30,1889-12-31,fi,
http://digi.kansalliskirjasto.fi/sanomalehti/titles/1457-4713/data,Päivätär,1457-4713,A3,Abraham Nylander,Helsinki,1863-09-05,1865-12-30,fi,
http://digi.kansalliskirjasto.fi/sanomalehti/titles/1457-4535/data,Papperslyktan,1457-4535,A5,August Schauman,Helsingfors,1858-12-01,1861-12-30,sv,
http://digi.kansalliskirjasto.fi/sanomalehti/titles/fk10332/data,Parikkala,fk10332,A3,Olli Juntunen,Parikkala,1909-11-12,1910-12-28,fi,
http://digi.kansalliskirjasto.fi/sanomalehti/titles/1236-7974/data,Parikkalan Sanomat,1236-7974,A3,Keski-Karjalan Kustannus Oy,Parikkala,1908-05-11,2007-03-29,fi,
http://digi.kansalliskirjasto.fi/sanomalehti/titles/1458-2465/data,Pellervo,1458-2465,A3,Fredrik Polén,Mikkeli,1881-10-01,1884-12-24,fi,
http://digi.kansalliskirjasto.fi/sanomalehti/titles/fk10340/data,Perä-Pohjolainen,fk10340,A2,Kemin Kaupungin Sanomalehti Oy,Kemi,1897-05-29,1921-06-30,fi,
http://digi.kansalliskirjasto.fi/sanomalehti/titles/1458-2570/data,Pohjalainen,1458-2570,A3,Ossian Ansas (Husberg),Vaasa,1889-12-03,1901-06-18,fi,
http://digi.kansalliskirjasto.fi/sanomalehti/titles/fk10362/data,Pohjan Poika,fk10362,A2,Ossian Ansas,Vaasa,1904-12-23,1909-12-31,fi,
http://digi.kansalliskirjasto.fi/sanomalehti/titles/1458-2589/data,Pohjan-Tähti,1458-2589,A3,John Rännäri,Oulu,1866-08-01,1867-06-05,fi,
http://digi.kansalliskirjasto.fi/sanomalehti/titles/fk10358/data,Pohjanmaa,fk10358,A2,A. F. Schütz,Vaasa,1909-11-11,1912-08-17,fi,
http://digi.kansalliskirjasto.fi/sanomalehti/titles/fk10368/data,Pohjois-Karjala,fk10368,A2,Pohjois-Karjalan Kirjapaino Oy,Joensuu,1899-09-01,1906-12-29,fi,
http://digi.kansalliskirjasto.fi/sanomalehti/titles/fk14938/data,Pohjois-Savo,fk14938,A2,K. F. Malmström,Kuopio,1903-12-10,1907-12-30,fi,
http://digi.kansalliskirjasto.fi/sanomalehti/titles/1458-2597/data,Pohjois-Suomi,1458-2597,A3,Uleåborgs Tryckeri Ab - Oulun Kirjapaino Oy,Oulu,1876-08-26,1882-11-01,fi,
http://digi.kansalliskirjasto.fi/sanomalehti/titles/fk10373/data,Pohjois-Suomi,fk10373,A2,Pohjois-Suomen Sanomalehti Oy,Kemi,1905-03-27,1909-12-31,fi,
http://digi.kansalliskirjasto.fi/sanomalehti/titles/fk10375/data,Pohjola,fk10375,A2,Ulrik Sjöblom,Kristiina,1899-12-15,1901-03-15,fi,
http://digi.kansalliskirjasto.fi/sanomalehti/titles/fk10379/data,Politiken,fk10379,A2,Ab Politiken,Åbo,1907-03-10,1907-12-01,sv,
http://digi.kansalliskirjasto.fi/sanomalehti/titles/fk10380/data,Porilainen,fk10380,A2,Ferdinand Lähteenoja,Pori,1892-08-09,1895-11-15,fi,
http://digi.kansalliskirjasto.fi/sanomalehti/titles/1457-4543/data,Porin Kaupungin Sanomia,1457-4543,A4,K. O. Palander,Pori,1860-07-07,1862-12-27,fi,
http://digi.kansalliskirjasto.fi/sanomalehti/titles/fk09410/data,Program-bladet : tidning för Helsingfors teatrar och konserter,fk09410,null,[s.n.],null,,,sv,
http://digi.kansalliskirjasto.fi/sanomalehti/titles/1236-8415/data,Punkalaitumen Sanomat,1236-8415,A3,Punkalaitumen Sanomat Oy,Punkalaidun,1908-11-06,,fi,
http://digi.kansalliskirjasto.fi/sanomalehti/titles/fk10393/data,Raahe,fk10393,A3,E. Valtamo,Raahe,1907-02-28,1918-12-30,fi,
http://digi.kansalliskirjasto.fi/sanomalehti/titles/fk10394/data,Raahen Lehti,fk10394,A3,Robert Rossander,Raahe,1896-11-17,1906-12-29,fi,
http://digi.kansalliskirjasto.fi/sanomalehti/titles/1458-2635/data,Raahen Sanomat,1458-2635,A3,Johan Wilhelm Juvelius,Raahe,1889-09-18,1890-06-28,fi,
http://digi.kansalliskirjasto.fi/sanomalehti/titles/fk10396/data,Raahen Sanomat,fk10396,A2,August A. Aurio,Raahe,1906-01-11,1918-12-30,fi,
http://digi.kansalliskirjasto.fi/sanomalehti/titles/fk10400/data,Raja-Karjala,fk10400,A2,Oy Raja-Karjala,Sortavala,1906-11-17,1912-03-30,fi,
http://digi.kansalliskirjasto.fi/sanomalehti/titles/1458-2643/data,Rauman Lehti,1458-2643,A2,Osuuskunta Rauman Lehti il,Rauma,1881-12-08,1914-10-24,fi,
http://digi.kansalliskirjasto.fi/sanomalehti/titles/1457-456X/data,Saima,1457-456X,A4,J. V. Snellman,Kuopio,1844-01-04,1846-12-31,fi,
http://digi.kansalliskirjasto.fi/sanomalehti/titles/1458-2473/data,Saimaa,1458-2473,A3,Aleksanteri Kasurinen,Mikkeli,1893-09-26,1895-12-24,fi,
http://digi.kansalliskirjasto.fi/sanomalehti/titles/fk14759/data,Säkkijärven Sanomat,fk14759,A3,Oy Lounais-Karjala,Säkkijärvi,1898-02-26,1905-12-30,fi,
http://digi.kansalliskirjasto.fi/sanomalehti/titles/0356-2301/data,Salmetar,0356-2301,A3,Savon Lehtikustannus Oy,Iisalmi,1897-06-09,,fi,
http://digi.kansalliskirjasto.fi/sanomalehti/titles/fk10416/data,Salon Sanomat,fk10416,A2,Kaarle Tuorila,Salo,1908-11-13,1910-04-01,fi,
http://digi.kansalliskirjasto.fi/sanomalehti/titles/1458-2678/data,Sampo,1458-2678,A4,Ida  Alexandra Grönroos,Tampere,1888-01-01,1888-07-07,fi,
http://digi.kansalliskirjasto.fi/sanomalehti/titles/1457-4586/data,Sanan Saattaja Wiipurista,1457-4586,A5,Johanna Cedervaller & Son,Viipuri,1833-01-05,1841-12-18,fi,
http://digi.kansalliskirjasto.fi/sanomalehti/titles/1457-4608/data,Sanan-Lennätin,1457-4608,A3,Johannes Alfthan,Viipuri,1855-12-01,1858-12-31,fi,
http://digi.kansalliskirjasto.fi/sanomalehti/titles/fk10424/data,Sanomia Porista,fk10424,A2,Filip Waren,Pori,1894-11-27,1896-12-30,fi,
http://digi.kansalliskirjasto.fi/sanomalehti/titles/1458-2686/data,Sanomia Tampereelta,1458-2686,A4,Gustaf Adolf Sjöblom,Hämeenlinna,1866-01-02,1866-06-25,fi,
http://digi.kansalliskirjasto.fi/sanomalehti/titles/1457-4616/data,Sanomia Turusta,1457-4616,A2-A3,G. W. Wilen,Turku,1850-12-24,1903-09-01,fi,
http://digi.kansalliskirjasto.fi/sanomalehti/titles/1457-599X/data,Satakunnan Sanomat,1457-599X,A2,Oy Lounas,Pori,1906-10-26,1917-12-23,fi,
http://digi.kansalliskirjasto.fi/sanomalehti/titles/1458-2740/data,Satakunta,1458-2740,A2-A3,Oy Satakunta,Pori,1873-02-01,1917-12-22,fi,
http://digi.kansalliskirjasto.fi/sanomalehti/titles/1458-655X/data,Savo,1458-655X,A2,Karoliina Bergroth,Kuopio,1878-10-26,1891-01-17,fi,
http://digi.kansalliskirjasto.fi/sanomalehti/titles/1458-6592/data,Savo,1458-6592,A3,Kirjapaino Oy Savo,Kuopio,1909-11-01,1972-09-30,fi,
http://digi.kansalliskirjasto.fi/sanomalehti/titles/1458-6606/data,Savo-Karjala,1458-6606,A2,Bruno Granit,Kuopio,1888-01-03,1901-09-02,fi,
http://digi.kansalliskirjasto.fi/sanomalehti/titles/fk10435/data,Savolainen,fk10435,A2,Savonlinnan Kirjapaino Oy,Savonlinna,1907-07-31,1917-10-16,fi,
http://digi.kansalliskirjasto.fi/sanomalehti/titles/0356-3510/data,Savon Sanomat,0356-3510,A2,Savon Sanomat Oy,Kuopio,1907-11-19,,fi,
http://digi.kansalliskirjasto.fi/sanomalehti/titles/fk10449/data,Savon Viikkolehti,fk10449,A3,Karoliina Bergroth,Kuopio,1891-01-09,1891-12-31,fi,
http://digi.kansalliskirjasto.fi/sanomalehti/titles/1458-6614/data,Savonlinna,1458-6614,A3,K. G. Ekman,Savonlinna,1876-04-08,1881-10-15,fi,
http://digi.kansalliskirjasto.fi/sanomalehti/titles/1458-6622/data,Savonlinna,1458-6622,A3,Etelä-Savon Kirjapainoyhtiö,Savonlinna,1882-12-01,1901-09-05,fi,
http://digi.kansalliskirjasto.fi/sanomalehti/titles/1458-6568/data,Savotar,1458-6568,A2,Karoliina Bergroth,Kuopio,1891-02-07,1891-02-19,fi,
http://digi.kansalliskirjasto.fi/sanomalehti/titles/fk10450/data,Savotar,fk10450,A2,Kuopion Sanomalehti- ja Kirjapaino,Kuopio,1906-11-14,1918-05-31,fi,
http://digi.kansalliskirjasto.fi/sanomalehti/titles/fk25055/data,Social-Demokraten,fk25055,A3,William Lundström,Helsingfors,1907-12-23,1908-09-11,sv,
http://digi.kansalliskirjasto.fi/sanomalehti/titles/fk10460/data,Sosialisti,fk10460,A3,Sosialistin Kirjapaino-Osuuskunta,Turku,1906-04-07,1918-04-10,fi,
http://digi.kansalliskirjasto.fi/sanomalehti/titles/1458-6665/data,St Michels Annonce-Blad,1458-6665,A4,R. M. von Fieandt,St. Michel,1861-11-23,1862-12-27,sv,
http://digi.kansalliskirjasto.fi/sanomalehti/titles/1458-6673/data,St Michels Veckoblad,1458-6673,A3,Constantin Carstens,St. Michel,1876-09-16,1877-03-31,sv,
http://digi.kansalliskirjasto.fi/sanomalehti/titles/1457-4624/data,Suomalainen,1457-4624,A4,Carl Axel Gottlund,Helsinki,1846-01-31,1846-06-30,fi,
http://digi.kansalliskirjasto.fi/sanomalehti/titles/1457-4632/data,Suomalainen,1457-4632,A2,Sydän-Suomen Sanomalehti Oy,Jyväskylä,1888-12-10,1917-12-28,fi,
http://digi.kansalliskirjasto.fi/sanomalehti/titles/fk10467/data,Suomalainen Kansa,fk10467,A2,Suomalaisen Kansan Sanomalehti- ja Kirjapaino Oy,Helsinki,1907-05-18,1911-07-01,fi,
http://digi.kansalliskirjasto.fi/sanomalehti/titles/fk10468/data,Suomalainen Työväenliitto,fk10468,A2,Suomalaisen Työväenliiton Kirjapaino ja Sanomalehti Oy,Helsinki,1907-12-18,1909-12-27,fi,
http://digi.kansalliskirjasto.fi/sanomalehti/titles/1457-4675/data,Suomalainen Wirallinen Lehti,1457-4675,A3,Senaatin Kansliatoimituskunta,Helsinki,1866-01-03,1918-12-31,fi,
http://digi.kansalliskirjasto.fi/sanomalehti/titles/1457-4667/data,Suomen Julkisia Sanomia,1457-4667,A4,Senaatin Kansliatoimikunta,Helsinki,1856-11-10,1865-12-28,fi,
http://digi.kansalliskirjasto.fi/sanomalehti/titles/fk10471/data,Suomen Kansa,fk10471,A2,Kansan Sanomalehti Oy,Helsinki,1900-12-29,1905-12-12,fi,
http://digi.kansalliskirjasto.fi/sanomalehti/titles/fk10207/data,Suomen Sosialisti,fk10207,A3,Osuuskunta Työväki rl,Jyväskylä,1908-01-24,1908-02-28,fi,
http://digi.kansalliskirjasto.fi/sanomalehti/titles/1457-4683/data,Suomenkieliset Tieto-Sanomat,1457-4683,A5,Frenckellin Kirjapaino,Mynämäki,1775-09-01,1776-12-31,fi,
http://digi.kansalliskirjasto.fi/sanomalehti/titles/1458-6746/data,Suomenlehti,1458-6746,A3,Ft  Fredrik (Rietrikki) Polen,Viipuri,1872-01-02,1874-12-29,fi,
http://digi.kansalliskirjasto.fi/sanomalehti/titles/1457-4705/data,Suometar,1457-4705,A4,"Fredrik Polén, A. Nylander",Helsinki,1847-01-12,1866-12-31,fi,
http://digi.kansalliskirjasto.fi/sanomalehti/titles/1457-473X/data,Suomi,1457-473X,A4,Carl Axel Gottlund,Helsinki,1847-01-31,1849-09-08,fi,
http://digi.kansalliskirjasto.fi/sanomalehti/titles/1458-8501/data,Suomi,1458-8501,A2,Otto Bernhard Blomfelt,Mikkeli,1888-11-28,1892-12-31,fi,
http://digi.kansalliskirjasto.fi/sanomalehti/titles/fk10495/data,Suupohjan Kaiku,fk10495,A2,K. J. Paasonen,Kristiina,1897-11-20,1919-06-28,fi,
http://digi.kansalliskirjasto.fi/sanomalehti/titles/1458-8536/data,Suupohjan Työmies,1458-8536,A3,Vilho Pasi,Vaasa,1883-12-13,1885-12-29,fi,
http://digi.kansalliskirjasto.fi/sanomalehti/titles/1458-8528/data,Suur-Savo,1458-8528,A2,Suur-Savon Kustannus-Osakeyhtiö,Mikkeli,1906-03-02,1917-09-21,fi,
http://digi.kansalliskirjasto.fi/sanomalehti/titles/fk14755/data,Svenska Österbotten,fk14755,A2,F. A. Hellström,Gamlakarleby,1895-05-07,1898-10-14,sv,
http://digi.kansalliskirjasto.fi/sanomalehti/titles/0789-8363/data,Syd-Österbotten,0789-8363,A2,Tryckeri- och Tidnings Ab i Kristinestad,Kristinestad,1903-01-17,1980-04-29,sv,
http://digi.kansalliskirjasto.fi/sanomalehti/titles/1458-8641/data,Tähti,1458-8641,A3,Johan Fredrik Granlund,Turku,1863-03-27,1867-12-31,fi,
http://digi.kansalliskirjasto.fi/sanomalehti/titles/fk14818/data,Tähti,fk14818,A3,Suomen Kristillisen Työväen Liitto ry,Turku,1905-12-20,1913-10-03,fi,
http://digi.kansalliskirjasto.fi/sanomalehti/titles/fk14762/data,Talonpojan Lehti,fk14762,A2,Osuuskunta Talonpoika il,Helsinki,1906-03-17,1907-10-31,fi,
http://digi.kansalliskirjasto.fi/sanomalehti/titles/1458-8552/data,Tammerfors,1458-8552,A3,J. W. Starch,Tammerfors,1894-01-23,1897-01-26,sv,
http://digi.kansalliskirjasto.fi/sanomalehti/titles/1458-8544/data,Tammerfors Aftonblad,1458-8544,A3,J. W. Starch,Tammerfors,1882-06-03,1894-01-19,sv,
http://digi.kansalliskirjasto.fi/sanomalehti/titles/1458-8560/data,Tammerfors Nyheter,1458-8560,A2,Ab Tammerfors Nyheter,Tammerfors,1896-12-30,1916-04-01,sv,
http://digi.kansalliskirjasto.fi/sanomalehti/titles/1458-8587/data,Tampere,1458-8587,A3,Tampereen Takausyhtiö (Garantiföreningen i Tammerfors),Tampere,1882-12-07,1885-12-30,fi,
http://digi.kansalliskirjasto.fi/sanomalehti/titles/fk14768/data,Tampereen Lehti,fk14768,A2,Eino Wallin,Tampere,1898-11-30,1899-02-02,fi,
http://digi.kansalliskirjasto.fi/sanomalehti/titles/1458-2694/data,Tampereen Sanomat,1458-2694,A2-A3,Tampereen Sanomain Oy,Tampere,1866-07-03,1900-08-31,fi,
http://digi.kansalliskirjasto.fi/sanomalehti/titles/fk14770/data,Tampereen Sanomat,fk14770,A2,Tampereen Sanomain  Kustannus Oy,Tampere,1904-10-22,1919-03-30,fi,
http://digi.kansalliskirjasto.fi/sanomalehti/titles/1458-8595/data,Tampereen Uutiset,1458-8595,A2,Tampereen Uutisten Oy,Tampere,1890-12-04,1905-12-23,fi,
http://digi.kansalliskirjasto.fi/sanomalehti/titles/1458-8609/data,Tapio,1458-8609,A3,C. G. Grönholm,Kuopio,1861-01-05,1888-12-29,fi,
http://digi.kansalliskirjasto.fi/sanomalehti/titles/fk14775/data,Terijoki,fk14775,A3,Mikko Uotinen,Terijoki,1908-09-19,1909-12-29,fi,
http://digi.kansalliskirjasto.fi/sanomalehti/titles/1457-4748/data,Tidningar ifrån Helsingfors,1457-4748,A4,J. C. Frenckell,Helsingfors,1829-01-02,1831-12-30,sv,
http://digi.kansalliskirjasto.fi/sanomalehti/titles/1457-4756/data,Tidningar Utgifne af et Sällskap i Åbo,1457-4756,A5,Aurora-Seura,Åbo,1771-01-15,1785-05-26,sv,
http://digi.kansalliskirjasto.fi/sanomalehti/titles/1458-6525/data,Tieto-Sanomia Suomen Kansalle,1458-6525,A5,Aksel Berner,Helsinki,1870-12-05,1872-01-24,fi,
http://digi.kansalliskirjasto.fi/sanomalehti/titles/fk14781/data,Tornio,fk14781,A3,Juho Wilhelm Heickell,Tornio,1898-06-23,1901-12-25,fi,
http://digi.kansalliskirjasto.fi/sanomalehti/titles/fk14784/data,Tornion Lehti,fk14784,A3,F.F. Rautio,Tornio,1903-12-05,1926-07-30,fi,
http://digi.kansalliskirjasto.fi/sanomalehti/titles/fk14785/data,Tornion Uutiset,fk14785,A3,Gustaf Adolf Ryynänen,Tornio,1902-12-10,1912-11-30,fi,
http://digi.kansalliskirjasto.fi/sanomalehti/titles/1458-8633/data,Turun Lehti,1458-8633,A2,Åbo Tryckeri och Tidnings Ab,Turku,1882-12-15,1919-12-30,fi,
http://digi.kansalliskirjasto.fi/sanomalehti/titles/0356-133X/data,Turun Sanomat,0356-133X,A2,TS-Yhtymä Oy,Turku,1904-12-09,,fi,
http://digi.kansalliskirjasto.fi/sanomalehti/titles/1457-4888/data,Turun Wiikko-Sanomat,1457-4888,A5,Christian Ludvig Hjelt,Turku,1820-01-08,1831-12-31,fi,
http://digi.kansalliskirjasto.fi/sanomalehti/titles/fk14797/data,Työkansa,fk14797,A2,Suomen Kristillisen Työväen Liitto ry,Tampere,1906-10-04,1936-06-04,fi,x
http://digi.kansalliskirjasto.fi/sanomalehti/titles/1458-6533/data,Työmiehen Ystävä,1458-6533,A3,C. Alb. Grönberg,Helsinki,1874-11-20,1876-06-30,fi,x
http://digi.kansalliskirjasto.fi/sanomalehti/titles/fk14816/data,Työväenliitto,fk14816,A2,Suomalaisen Työväenliiton Kirjapaino ja Sanomalehti Oy,Helsinki,1910-01-04,1912-09-28,fi,x
http://digi.kansalliskirjasto.fi/sanomalehti/titles/0359-0305/data,Tyrvään Sanomat,0359-0305,A3,Tyrvään Sanomat Oy,Vammala,1973-01-01,,fi,
http://digi.kansalliskirjasto.fi/sanomalehti/titles/1458-865X/data,Uleåborgs Tidning,1458-865X,A3,A. W. Heikel,Uleåborg,1877-01-04,1891-12-29,sv,
http://digi.kansalliskirjasto.fi/sanomalehti/titles/fk14819/data,Uleåborgsbladet,fk14819,A3,Uleåborgs Tryckeri,Uleåborg,1891-10-24,1900-07-21,sv,
http://digi.kansalliskirjasto.fi/sanomalehti/titles/0356-1860/data,Uudenkaupungin Sanomat,0356-1860,A3,Uudenkaupungin Sanomat Oy,Uusikaupunki,1891-01-02,,fi,
http://digi.kansalliskirjasto.fi/sanomalehti/titles/fk14824/data,Uusi Aika,fk14824,A2,Jean Boldt,Helsinki,1900-12-01,1901-07-13,fi,
http://digi.kansalliskirjasto.fi/sanomalehti/titles/1458-0543/data,Uusi Aura,1458-0543,A2,Uuden Auran Oy,Turku,1897-01-01,1964-05-17,fi,
http://digi.kansalliskirjasto.fi/sanomalehti/titles/fk14828/data,Uusi Inkeri,fk14828,A2,Uuden Inkerin kannatusyhdistys,Viipuri,1905-12-08,1906-12-19,fi,
http://digi.kansalliskirjasto.fi/sanomalehti/titles/1458-6576/data,Uusi Savo,1458-6576,A2,Pekka Brofeldt,Kuopio,1891-02-21,1903-12-31,fi,
http://digi.kansalliskirjasto.fi/sanomalehti/titles/1457-4721/data,Uusi Suometar,1457-4721,A2,Uuden Suomettaren Oy,Helsinki,1869-01-04,1918-12-31,fi,
http://digi.kansalliskirjasto.fi/sanomalehti/titles/0357-1858/data,Uusimaa,0357-1858,A2,Suomen Lehtiyhtymä,Porvoo,1894-12-08,,fi,
http://digi.kansalliskirjasto.fi/sanomalehti/titles/fk14837/data,Uusmaalainen,fk14837,A2,Oy Uusmaalainen,Helsinki,1905-09-22,1913-12-31,fi,
http://digi.kansalliskirjasto.fi/sanomalehti/titles/0789-0745/data,Vaasa,0789-0745,A2,Vaasa Oy,Vaasa,1902-01-30,1984-09-13,fi,
http://digi.kansalliskirjasto.fi/sanomalehti/titles/1458-8684/data,Vaasan Sanomat,1458-8684,A3,F. W.Unggren,Vaasa,1878-02-05,1881-12-26,fi,
http://digi.kansalliskirjasto.fi/sanomalehti/titles/1458-8692/data,Vaasan Sanomat,1458-8692,A2,Wasa Tryckeri Ab,Vaasa,1897-12-03,1899-01-04,fi,
http://digi.kansalliskirjasto.fi/sanomalehti/titles/fk14846/data,Vakka-Suomi,fk14846,A2,Oy Maaseutu,Uusikaupunki,1908-05-16,1923-09-29,fi,
http://digi.kansalliskirjasto.fi/sanomalehti/titles/fk14892/data,Vårt Land,fk14892,A2,P. Hj. Olsson,Helsingfors,1897-11-19,1899-07-18,sv,
http://digi.kansalliskirjasto.fi/sanomalehti/titles/0356-1844/data,Vasabladet,0356-1844,A2,Ab Vasabladet,Vasa,1856-05-07,,sv,
http://digi.kansalliskirjasto.fi/sanomalehti/titles/fk14893/data,Västra Finland,fk14893,A2,Åbo Tryckeri och Tidnings Ab,Åbo,1895-11-27,1928-11-29,sv,
http://digi.kansalliskirjasto.fi/sanomalehti/titles/0782-6559/data,Västra Nyland,0782-6559,A3,Västra Nylands Tidningar Ab,Ekenäs,1889-01-04,,sv,
http://digi.kansalliskirjasto.fi/sanomalehti/titles/fk14868/data,Veckobladet,fk14868,A2,Ab Veckobladet,Helsingfors,1892-11-23,1917-04-28,sv,
http://digi.kansalliskirjasto.fi/sanomalehti/titles/fk14869/data,Veljeys,fk14869,A2,Osuuskunta Veljeys il,Helsinki,1906-11-24,1908-12-23,fi,
http://digi.kansalliskirjasto.fi/sanomalehti/titles/1458-0608/data,Vestra Nyland,1458-0608,A3,Theodor Neovius,Ekenäs,1881-08-30,1882-12-29,sv,
http://digi.kansalliskirjasto.fi/sanomalehti/titles/1458-2732/data,Viipurin Sanomat,1458-2732,A2,Karjalan Kirjapaino Oy,Viipuri,1910-01-03,1918-01-23,fi,
http://digi.kansalliskirjasto.fi/sanomalehti/titles/1458-6541/data,Vikingen,1458-6541,A4-A3,Axel Lille,Helsingfors,1870-11-28,1874-12-31,sv,
http://digi.kansalliskirjasto.fi/sanomalehti/titles/1458-8676/data,Waasan Lehti,1458-8676,A2,Vaasan Painoyhtiö,Vaasa,1880-12-16,1893-12-30,fi,
http://digi.kansalliskirjasto.fi/sanomalehti/titles/1458-8714/data,Wasa Framåt,1458-8714,A4,Wilhelm (Vilho) Pasi,Vasa,1881-03-01,1881-12-31,sv,
http://digi.kansalliskirjasto.fi/sanomalehti/titles/fk14863/data,Wasa Nyheter,fk14863,A2,Tidnings Ab Wasa,Vasa,1895-12-07,1900-11-04,sv,
http://digi.kansalliskirjasto.fi/sanomalehti/titles/1457-442X/data,Wasa Tidning,1457-442X,A4,C. G. Wolff,Vasa,1839-01-05,1847-12-24,sv,
http://digi.kansalliskirjasto.fi/sanomalehti/titles/1457-4438/data,Wasa Tidning,1457-4438,A2,Wasa Tryckeri Ab,Vasa,1880-12-14,1898-12-31,sv,
http://digi.kansalliskirjasto.fi/sanomalehti/titles/fk14864/data,Wasa-Posten,fk14864,A2,Ab Wasa-Posten,Vasa,1898-12-09,1932-03-31,sv,
http://digi.kansalliskirjasto.fi/sanomalehti/titles/1458-8730/data,Westra Finland,1458-8730,A3,Tidningen Westra Finlands Ab,Björneborg,1888-10-03,1893-06-28,sv,
http://digi.kansalliskirjasto.fi/sanomalehti/titles/1457-4837/data,Wiborg,1457-4837,A3,Viipurilaisten kauppiaiden muodostama oy,Wiborg,1855-01-02,1861-12-31,sv,
http://digi.kansalliskirjasto.fi/sanomalehti/titles/1457-4845/data,Wiborgs Annonce Blad,1457-4845,A5,Johanna Cedervaller & Son,Wiborg,1837-01-07,1849-01-03,sv,
http://digi.kansalliskirjasto.fi/sanomalehti/titles/1458-6517/data,Wiborgs Nyheter,1458-6517,A2,Östra Finlands tryckeri,Wiborg,1899-02-28,1939-11-28,sv,
http://digi.kansalliskirjasto.fi/sanomalehti/titles/1457-4853/data,Wiborgs Tidning,1457-4853,A4,Jakob Gabriel Leistenius,Wiborg,1854-02-01,1855-03-31,sv,
http://digi.kansalliskirjasto.fi/sanomalehti/titles/1457-487X/data,Wiborgs Tidning,1457-487X,A3,N. A. Zilliacus,Wiborg,1864-01-02,1881-12-31,sv,
http://digi.kansalliskirjasto.fi/sanomalehti/titles/1458-2708/data,Wiborgsbladet,1458-2708,A2,N. A. Zilliacus,Wiborg,1882-09-01,1901-06-13,sv,
http://digi.kansalliskirjasto.fi/sanomalehti/titles/1457-4861/data,Wiburgs Mancherley,1457-4861,A5,Kirjanpainaja Anders Cedervaller,Wiburg,1821-01-01,1821-12-31,sv,
http://digi.kansalliskirjasto.fi/sanomalehti/titles/1457-4578/data,Wiburgs Wochenblatt,1457-4578,A5,Kirjanpainaja Anders Cedervaller,Wiburg,1823-01-04,1832-12-29,sv,
http://digi.kansalliskirjasto.fi/sanomalehti/titles/fk14883/data,Wiipuri,fk14883,A2,Viipurin Uusi Kirjapaino- ja Sanomalehti Oy,Viipuri,1893-10-30,1918-07-07,fi,
http://digi.kansalliskirjasto.fi/sanomalehti/titles/1458-2716/data,Wiipurin Sanomat,1458-2716,A2,Julius Anselm Lyly,Viipuri,1884-12-13,1901-03-14,fi,
http://digi.kansalliskirjasto.fi/sanomalehti/titles/1458-2724/data,Wiipurin Sanomat. Supistus,1458-2724,A2,Karjalan Kirjapaino Oy,Viipuri,1901-03-16,1909-12-30,fi,
http://digi.kansalliskirjasto.fi/sanomalehti/titles/1458-8749/data,Wiipurin Uutiset,1458-8749,A3,Carl Edvard Wahlroos,Viipuri,1887-01-29,1888-12-30,fi,
http://digi.kansalliskirjasto.fi/sanomalehti/titles/1458-8757/data,Wuoksi,1458-8757,A3,Kirjapaino- ja Sanomalehti Oy Wuoksi,Käkisalmi,1889-12-07,1901-09-05,fi,
http://digi.kansalliskirjasto.fi/sanomalehti/titles/fk14894/data,Yhdenvertaisuus,fk14894,A2,Lounais-Hämeen Sanomalehti Oy,Forssa,1906-10-06,1907-07-15,fi,sosialistinen